[
    {
      "id": "num_clusters",
      "label": "Nb clusters",
      "value": 3,
      "defaultValue": 3,
      "range": 10,
      "step": 1
    },
    {
      "id": "max_x_stdev",
      "label": "Max x standard deviation",
      "value": 10,
      "defaultValue": 10,
      "range": 50,
      "step": 1
    },
    {
      "id": "max_y_stdev",
      "label": "Max y standard deviation",
      "value": 10,
      "defaultValue": 10,
      "range": 50,
      "step": 1
    },	
    {
      "id": "cluster_size",
      "label": "Nb particles per Cluster",
      "value": 30,
      "defaultValue": 30,
      "range": 100,
      "step": 1
    }
]	
